[
  {
    "icon": "fa fa-home",
    "slug": "external",
    "title": "Volver al inicio",
    "path": "index.html"
  },  
  { 
    "id": 1,
    "icon": "fa fa-play-circle",
    "slug": "Introduccion",
    "title": "Introducción",
    "breadcrumb": ["Inicio","Introducción"],
    "path": "pages/intro.html"
  },  
  { 
    "id": 2,
    "icon": "fa fa-file-text-o",
    "slug": "sistema_tipo_de_evaluacion_de_la_CNSC",
    "title": "1. Sistema Tipo de Evaluación de la CNSC",
    "breadcrumb": ["Inicio","tema 1"],
    "path": "pages/1-tema.html",    
    "submenu": [
      {
        "icon": "fa fa-file-text-o",
        "slug": "sistema_tipo_de_evaluacion_de_la_CNSC",
        "title": "1.1 Definición",
        "anchor": "11"
      },
      {
        "icon": "fa fa-file-text-o",
        "slug": "sistema_tipo_de_evaluacion_de_la_CNSC",
        "title": "1.2 Finalidad",
        "anchor": "12"
      },
      {
        "icon": "fa fa-file-text-o",
        "slug": "sistema_tipo_de_evaluacion_de_la_CNSC",
        "title": "1.3 Actores del proceso de evaluación del desempeño",
        "anchor": "13"
      },
      {
        "icon": "fa fa-file-text-o",
        "slug": "sistema_tipo_de_evaluacion_de_la_CNSC",
        "title": "1.4 Comisión evaluadora",
        "anchor": "14"
      },
      {
        "icon": "fa fa-file-text-o",
        "slug": "sistema_tipo_de_evaluacion_de_la_CNSC",
        "title": "1.5 Porcentajes de evaluación",
        "anchor": "15"
      },
      {
        "icon": "fa fa-file-text-o",
        "slug": "sistema_tipo_de_evaluacion_de_la_CNSC",
        "title": "1.6 Niveles de desarrollo",
        "anchor": "16"
      },
      {
        "icon": "fa fa-file-text-o",
        "slug": "sistema_tipo_de_evaluacion_de_la_CNSC",
        "title": "1.7 Escala de calificación",
        "anchor": "17"
      },
      {
        "icon": "fa fa-file-text-o",
        "slug": "sistema_tipo_de_evaluacion_de_la_CNSC",
        "title": "1.8 Usos y consecuencias de los niveles de calificación",
        "anchor": "18"
      },
      {
        "icon": "fa fa-file-text-o",
        "slug": "sistema_tipo_de_evaluacion_de_la_CNSC",
        "title": "1.9 Instrumentos de evaluación",
        "anchor": "19"
      },
      {
        "icon": "fa fa-file-text-o",
        "slug": "sistema_tipo_de_evaluacion_de_la_CNSC",
        "title": "1.10 Evaluación del teletrabajador",
        "anchor": "110"
      },
      {
        "icon": "fa fa-file-text-o",
        "slug": "sistema_tipo_de_evaluacion_de_la_CNSC",
        "title": "1.11 Evaluación de servidores administrativos del sector educativo",
        "anchor": "111"
      }
    ]
   } 
]